[
  {
    "url": "https://hacker-news.firebaseio.com/v0/topstories.json",
    "method": "GET",
    "status_code": 200,
    "elapsed_ms": 540.2225030002228,
    "bytes_read": 4501,
    "timestamp": 1761733312.3405778
  },
  {
    "url": "https://hacker-news.firebaseio.com/v0/item/45736479.json",
    "method": "GET",
    "status_code": 200,
    "elapsed_ms": 226.2673810000706,
    "bytes_read": 721,
    "timestamp": 1761733312.7693338
  },
  {
    "url": "https://hacker-news.firebaseio.com/v0/item/45742419.json",
    "method": "GET",
    "status_code": 200,
    "elapsed_ms": 602.8581559999111,
    "bytes_read": 521,
    "timestamp": 1761733313.148433
  },
  {
    "url": "https://hacker-news.firebaseio.com/v0/item/45744503.json",
    "method": "GET",
    "status_code": 200,
    "elapsed_ms": 602.1683349999876,
    "bytes_read": 349,
    "timestamp": 1761733313.1488187
  },
  {
    "url": "https://hacker-news.firebaseio.com/v0/item/45742488.json",
    "method": "GET",
    "status_code": 200,
    "elapsed_ms": 606.9481140002608,
    "bytes_read": 535,
    "timestamp": 1761733313.1492903
  },
  {
    "url": "https://hacker-news.firebaseio.com/v0/item/45742907.json",
    "method": "GET",
    "status_code": 200,
    "elapsed_ms": 605.9515380002267,
    "bytes_read": 328,
    "timestamp": 1761733313.1506083
  },
  {
    "url": "https://hacker-news.firebaseio.com/v0/item/45741951.json",
    "method": "GET",
    "status_code": 200,
    "elapsed_ms": 187.8036080001948,
    "bytes_read": 2137,
    "timestamp": 1761733313.160639
  },
  {
    "url": "https://hacker-news.firebaseio.com/v0/item/45744875.json",
    "method": "GET",
    "status_code": 200,
    "elapsed_ms": 171.36314399976982,
    "bytes_read": 208,
    "timestamp": 1761733313.5210166
  },
  {
    "url": "https://hacker-news.firebaseio.com/v0/item/45743598.json",
    "method": "GET",
    "status_code": 200,
    "elapsed_ms": 172.2272229999362,
    "bytes_read": 440,
    "timestamp": 1761733313.5318484
  },
  {
    "url": "https://hacker-news.firebaseio.com/v0/item/45744605.json",
    "method": "GET",
    "status_code": 200,
    "elapsed_ms": 173.76551999996082,
    "bytes_read": 981,
    "timestamp": 1761733313.5322316
  },
  {
    "url": "https://hacker-news.firebaseio.com/v0/item/45743519.json",
    "method": "GET",
    "status_code": 200,
    "elapsed_ms": 173.2193160000861,
    "bytes_read": 658,
    "timestamp": 1761733313.535761
  },
  {
    "url": "https://hacker-news.firebaseio.com/v0/item/45702397.json",
    "method": "GET",
    "status_code": 200,
    "elapsed_ms": 173.36745900001915,
    "bytes_read": 591,
    "timestamp": 1761733313.536042
  },
  {
    "url": "https://hacker-news.firebaseio.com/v0/item/45742446.json",
    "method": "GET",
    "status_code": 200,
    "elapsed_ms": 181.4980829999513,
    "bytes_read": 340,
    "timestamp": 1761733313.9092596
  },
  {
    "url": "https://hacker-news.firebaseio.com/v0/item/45700078.json",
    "method": "GET",
    "status_code": 200,
    "elapsed_ms": 177.1957559999464,
    "bytes_read": 290,
    "timestamp": 1761733313.9128003
  },
  {
    "url": "https://hacker-news.firebaseio.com/v0/item/45733707.json",
    "method": "GET",
    "status_code": 200,
    "elapsed_ms": 180.44782400011172,
    "bytes_read": 724,
    "timestamp": 1761733313.9132411
  },
  {
    "url": "https://hacker-news.firebaseio.com/v0/item/45742616.json",
    "method": "GET",
    "status_code": 200,
    "elapsed_ms": 179.22258099997634,
    "bytes_read": 209,
    "timestamp": 1761733313.9187586
  },
  {
    "url": "https://hacker-news.firebaseio.com/v0/item/45742646.json",
    "method": "GET",
    "status_code": 200,
    "elapsed_ms": 177.93283799983328,
    "bytes_read": 584,
    "timestamp": 1761733313.919034
  },
  {
    "url": "https://hacker-news.firebaseio.com/v0/item/45743261.json",
    "method": "GET",
    "status_code": 200,
    "elapsed_ms": 185.3345710001122,
    "bytes_read": 719,
    "timestamp": 1761733314.2989488
  },
  {
    "url": "https://hacker-news.firebaseio.com/v0/item/45743949.json",
    "method": "GET",
    "status_code": 200,
    "elapsed_ms": 183.3403499999804,
    "bytes_read": 376,
    "timestamp": 1761733314.299909
  },
  {
    "url": "https://hacker-news.firebaseio.com/v0/item/45733828.json",
    "method": "GET",
    "status_code": 200,
    "elapsed_ms": 184.735038999861,
    "bytes_read": 999,
    "timestamp": 1761733314.300215
  },
  {
    "url": "https://hacker-news.firebaseio.com/v0/item/45743395.json",
    "method": "GET",
    "status_code": 200,
    "elapsed_ms": 182.4298510000517,
    "bytes_read": 220,
    "timestamp": 1761733314.305593
  },
  {
    "url": "https://hacker-news.firebaseio.com/v0/item/45704216.json",
    "method": "GET",
    "status_code": 200,
    "elapsed_ms": 184.9837459999435,
    "bytes_read": 283,
    "timestamp": 1761733314.3093073
  },
  {
    "url": "https://hacker-news.firebaseio.com/v0/item/45739499.json",
    "method": "GET",
    "status_code": 200,
    "elapsed_ms": 175.03918800002793,
    "bytes_read": 631,
    "timestamp": 1761733314.6768959
  },
  {
    "url": "https://hacker-news.firebaseio.com/v0/item/45744395.json",
    "method": "GET",
    "status_code": 200,
    "elapsed_ms": 173.65010599996822,
    "bytes_read": 186,
    "timestamp": 1761733314.6773064
  },
  {
    "url": "https://hacker-news.firebaseio.com/v0/item/45738247.json",
    "method": "GET",
    "status_code": 200,
    "elapsed_ms": 173.41797800008862,
    "bytes_read": 449,
    "timestamp": 1761733314.679506
  },
  {
    "url": "https://hacker-news.firebaseio.com/v0/item/45739080.json",
    "method": "GET",
    "status_code": 200,
    "elapsed_ms": 173.58575499974904,
    "bytes_read": 371,
    "timestamp": 1761733314.6836042
  },
  {
    "url": "https://hacker-news.firebaseio.com/v0/item/45744445.json",
    "method": "GET",
    "status_code": 200,
    "elapsed_ms": 169.90572699978657,
    "bytes_read": 728,
    "timestamp": 1761733314.68386
  },
  {
    "url": "https://hacker-news.firebaseio.com/v0/item/45709499.json",
    "method": "GET",
    "status_code": 200,
    "elapsed_ms": 178.31439100018542,
    "bytes_read": 270,
    "timestamp": 1761733315.064006
  },
  {
    "url": "https://hacker-news.firebaseio.com/v0/item/45739781.json",
    "method": "GET",
    "status_code": 200,
    "elapsed_ms": 179.3443040000966,
    "bytes_read": 1057,
    "timestamp": 1761733315.0644672
  },
  {
    "url": "https://hacker-news.firebaseio.com/v0/item/45741266.json",
    "method": "GET",
    "status_code": 200,
    "elapsed_ms": 182.47463899979266,
    "bytes_read": 1047,
    "timestamp": 1761733315.064821
  },
  {
    "url": "https://hacker-news.firebaseio.com/v0/item/45740214.json",
    "method": "GET",
    "status_code": 200,
    "elapsed_ms": 182.06157200029338,
    "bytes_read": 375,
    "timestamp": 1761733315.0650606
  },
  {
    "url": "https://hacker-news.firebaseio.com/v0/item/45739541.json",
    "method": "GET",
    "status_code": 200,
    "elapsed_ms": 177.54037899976538,
    "bytes_read": 1087,
    "timestamp": 1761733315.0672607
  },
  {
    "url": "https://hacker-news.firebaseio.com/v0/item/45744341.json",
    "method": "GET",
    "status_code": 200,
    "elapsed_ms": 224.26860999985365,
    "bytes_read": 593,
    "timestamp": 1761733315.4888973
  },
  {
    "url": "https://hacker-news.firebaseio.com/v0/item/45742317.json",
    "method": "GET",
    "status_code": 200,
    "elapsed_ms": 223.27741699973558,
    "bytes_read": 511,
    "timestamp": 1761733315.4892523
  },
  {
    "url": "https://hacker-news.firebaseio.com/v0/item/45692116.json",
    "method": "GET",
    "status_code": 200,
    "elapsed_ms": 220.1652720000311,
    "bytes_read": 470,
    "timestamp": 1761733315.49143
  },
  {
    "url": "https://hacker-news.firebaseio.com/v0/item/45733329.json",
    "method": "GET",
    "status_code": 200,
    "elapsed_ms": 225.6699969998408,
    "bytes_read": 919,
    "timestamp": 1761733315.4964674
  },
  {
    "url": "https://hacker-news.firebaseio.com/v0/item/45736499.json",
    "method": "GET",
    "status_code": 200,
    "elapsed_ms": 224.68208099962794,
    "bytes_read": 452,
    "timestamp": 1761733315.5060937
  },
  {
    "url": "https://hacker-news.firebaseio.com/v0/item/45741391.json",
    "method": "GET",
    "status_code": 200,
    "elapsed_ms": 247.9871139998977,
    "bytes_read": 291,
    "timestamp": 1761733315.9424133
  },
  {
    "url": "https://hacker-news.firebaseio.com/v0/item/45743608.json",
    "method": "GET",
    "status_code": 200,
    "elapsed_ms": 247.3869199998262,
    "bytes_read": 1010,
    "timestamp": 1761733315.9463944
  },
  {
    "url": "https://hacker-news.firebaseio.com/v0/item/45735877.json",
    "method": "GET",
    "status_code": 200,
    "elapsed_ms": 247.91873999993186,
    "bytes_read": 315,
    "timestamp": 1761733315.946759
  },
  {
    "url": "https://hacker-news.firebaseio.com/v0/item/45735106.json",
    "method": "GET",
    "status_code": 200,
    "elapsed_ms": 247.33368400029576,
    "bytes_read": 1170,
    "timestamp": 1761733315.9540355
  },
  {
    "url": "https://hacker-news.firebaseio.com/v0/item/45737248.json",
    "method": "GET",
    "status_code": 200,
    "elapsed_ms": 251.14849999999933,
    "bytes_read": 2367,
    "timestamp": 1761733315.960106
  },
  {
    "url": "https://hacker-news.firebaseio.com/v0/item/45742169.json",
    "method": "GET",
    "status_code": 200,
    "elapsed_ms": 205.23519700009274,
    "bytes_read": 607,
    "timestamp": 1761733316.353787
  },
  {
    "url": "https://hacker-news.firebaseio.com/v0/item/45734486.json",
    "method": "GET",
    "status_code": 200,
    "elapsed_ms": 200.16880299999684,
    "bytes_read": 413,
    "timestamp": 1761733316.3573058
  },
  {
    "url": "https://hacker-news.firebaseio.com/v0/item/45737941.json",
    "method": "GET",
    "status_code": 200,
    "elapsed_ms": 200.32929700028035,
    "bytes_read": 437,
    "timestamp": 1761733316.3576183
  },
  {
    "url": "https://hacker-news.firebaseio.com/v0/item/45739750.json",
    "method": "GET",
    "status_code": 200,
    "elapsed_ms": 200.16964399974313,
    "bytes_read": 864,
    "timestamp": 1761733316.3578665
  },
  {
    "url": "https://hacker-news.firebaseio.com/v0/item/45731321.json",
    "method": "GET",
    "status_code": 200,
    "elapsed_ms": 202.63155700013158,
    "bytes_read": 544,
    "timestamp": 1761733316.3772001
  },
  {
    "url": "https://hacker-news.firebaseio.com/v0/item/45736608.json",
    "method": "GET",
    "status_code": 200,
    "elapsed_ms": 192.60178599961364,
    "bytes_read": 301,
    "timestamp": 1761733316.7561796
  },
  {
    "url": "https://hacker-news.firebaseio.com/v0/item/45741836.json",
    "method": "GET",
    "status_code": 200,
    "elapsed_ms": 196.81886899979872,
    "bytes_read": 426,
    "timestamp": 1761733316.7564623
  },
  {
    "url": "https://hacker-news.firebaseio.com/v0/item/45705654.json",
    "method": "GET",
    "status_code": 200,
    "elapsed_ms": 197.9425380000066,
    "bytes_read": 218,
    "timestamp": 1761733316.756847
  },
  {
    "url": "https://hacker-news.firebaseio.com/v0/item/45739172.json",
    "method": "GET",
    "status_code": 200,
    "elapsed_ms": 196.7160959998182,
    "bytes_read": 762,
    "timestamp": 1761733316.7570827
  },
  {
    "url": "https://hacker-news.firebaseio.com/v0/item/45732884.json",
    "method": "GET",
    "status_code": 200,
    "elapsed_ms": 191.03187400014576,
    "bytes_read": 509,
    "timestamp": 1761733316.7775056
  },
  {
    "url": "https://hacker-news.firebaseio.com/v0/item/45744829.json",
    "method": "GET",
    "status_code": 200,
    "elapsed_ms": 177.94328499985568,
    "bytes_read": 854,
    "timestamp": 1761733317.1371727
  },
  {
    "url": "https://hacker-news.firebaseio.com/v0/item/45741216.json",
    "method": "GET",
    "status_code": 200,
    "elapsed_ms": 177.25746399992204,
    "bytes_read": 1094,
    "timestamp": 1761733317.1416726
  },
  {
    "url": "https://hacker-news.firebaseio.com/v0/item/45734620.json",
    "method": "GET",
    "status_code": 200,
    "elapsed_ms": 182.3647669998536,
    "bytes_read": 653,
    "timestamp": 1761733317.1421483
  },
  {
    "url": "https://hacker-news.firebaseio.com/v0/item/45734582.json",
    "method": "GET",
    "status_code": 200,
    "elapsed_ms": 181.41930399997364,
    "bytes_read": 1362,
    "timestamp": 1761733317.1425552
  },
  {
    "url": "https://hacker-news.firebaseio.com/v0/item/45732874.json",
    "method": "GET",
    "status_code": 200,
    "elapsed_ms": 184.48039500026425,
    "bytes_read": 434,
    "timestamp": 1761733317.164719
  },
  {
    "url": "https://hacker-news.firebaseio.com/v0/item/45736945.json",
    "method": "GET",
    "status_code": 200,
    "elapsed_ms": 184.26207699985753,
    "bytes_read": 1944,
    "timestamp": 1761733317.5275533
  },
  {
    "url": "https://hacker-news.firebaseio.com/v0/item/45744789.json",
    "method": "GET",
    "status_code": 200,
    "elapsed_ms": 180.2070730000196,
    "bytes_read": 1362,
    "timestamp": 1761733317.5311856
  },
  {
    "url": "https://hacker-news.firebaseio.com/v0/item/45733979.json",
    "method": "GET",
    "status_code": 200,
    "elapsed_ms": 183.34869399996023,
    "bytes_read": 877,
    "timestamp": 1761733317.5494776
  }
]